"Redirect from","Redirect to"
"/products/copy-the-burnout-cowl-top-cream","/products/the-burnout-cowl-top?variant=55486817239426"
"/products/copy-the-high-neck-mini-cream","/products/the-high-neck-mini?variant=55957056815490"
"/products/the-amara-lace-lace-top-corset-black","/products/the-amara-lace-lace-top-corset?variant=56093970366850"
"/products/the-amara-lace-lace-trouser-black","/products/the-amara-lace-lace-trouser?variant=56094010999170"
"/products/the-beaded-bikini-bottoms-khaki","/products/the-beaded-bikini-bottoms?variant=55101929128322"
"/products/the-beaded-bikini-top-khaki","/products/the-beaded-bikini-top?variant=55101940990338"
"/products/the-burnout-cowl-top-powder-blue","/products/the-burnout-cowl-top?variant=55486754029954"
"/products/the-burnout-maxi-skirt-cream","/products/the-burnout-maxi-skirt?variant=55486823399810"
"/products/the-burnout-maxi-skirt-powder-blue","/products/the-burnout-maxi-skirt?variant=55486799970690"
"/products/the-cove-mini-grey-knit","/products/the-cove-mini?variant=56015650980226"
"/products/the-cowl-maxi-blue-floral","/products/the-cowl-maxi?variant=55168569934210"
"/products/the-cowl-maxi-yellow-floral","/products/the-cowl-maxi?variant=55168583205250"
"/products/the-crochet-foldover-shorts-black-white","/products/the-crochet-foldover-shorts?variant=43974059425845"
"/products/the-crochet-foldover-shorts-blueberry-cream","/products/the-crochet-foldover-shorts?variant=56592345727362"
"/products/the-crochet-foldover-shorts-cherry-swirl","/products/the-crochet-foldover-shorts?variant=56592347300226"
"/products/the-crochet-foldover-shorts-lemon-sorbet","/products/the-crochet-foldover-shorts?variant=55082790224258"
"/products/the-crochet-foldover-shorts-mocha-melt","/products/the-crochet-foldover-shorts?variant=55082747953538"
"/products/the-crochet-foldover-shorts-strawberry-sorbet","/products/the-crochet-foldover-shorts?variant=55438001013122"
"/products/the-crochet-maxi-skirt-black-white","/products/the-crochet-maxi-skirt?variant=43974060834869"
"/products/the-crochet-maxi-skirt-lemon-sorbet","/products/the-crochet-maxi-skirt?variant=55082797007234"
"/products/the-crochet-maxi-skirt-mocha-melt","/products/the-crochet-maxi-skirt?variant=55082759422338"
"/products/the-crochet-maxi-skirt-strawberry-sorbet","/products/the-crochet-maxi-skirt?variant=55437976207746"
"/products/the-crochet-tan-bikini-bottoms-black-white","/products/the-crochet-tan-bikini-bottoms?variant=43974056902709"
"/products/the-crochet-tan-bikini-bottoms-blueberry-cream","/products/the-crochet-tan-bikini-bottoms?variant=56588457869698"
"/products/the-crochet-tan-bikini-bottoms-cherry-blush","/products/the-crochet-tan-bikini-bottoms?variant=56588459671938"
"/products/the-crochet-tan-bikini-bottoms-lemon-sorbet","/products/the-crochet-tan-bikini-bottoms?variant=55082804281730"
"/products/the-crochet-tan-bikini-bottoms-mocha-melt","/products/the-crochet-tan-bikini-bottoms?variant=55082766303618"
"/products/the-crochet-tan-bikini-bottoms-strawberry-sorbet","/products/the-crochet-tan-bikini-bottoms?variant=55438011498882"
"/products/the-crochet-tan-bikini-top-black-white","/products/the-crochet-tan-bikini-top?variant=43974056214581"
"/products/the-crochet-tan-bikini-top-blueberry-cream","/products/the-crochet-tan-bikini-top?variant=56588454232450"
"/products/the-crochet-tan-bikini-top-cherry-blush","/products/the-crochet-tan-bikini-top?variant=56588456919426"
"/products/the-crochet-tan-bikini-top-lemon-sorbet","/products/the-crochet-tan-bikini-top?variant=55082809229698"
"/products/the-crochet-tan-bikini-top-mocha-melt","/products/the-crochet-tan-bikini-top?variant=55082773840258"
"/products/the-crochet-tan-bikini-top-strawberry-sorbet","/products/the-crochet-tan-bikini-top?variant=55438013366658"
"/products/the-crochet-wide-band-bikini-bottoms-lemon-sorbet","/products/the-crochet-wide-band-bikini-bottoms?variant=55082813751682"
"/products/the-crochet-wide-band-bikini-bottoms-mocha-melt","/products/the-crochet-wide-band-bikini-bottoms?variant=55082778820994"
"/products/the-crochet-wide-band-bikini-bottoms-strawberry-sorbet","/products/the-crochet-wide-band-bikini-bottoms?variant=55438032470402"
"/products/the-crochet-wide-band-bikini-top-lemon-sorbet","/products/the-crochet-wide-band-bikini-top?variant=55082825154946"
"/products/the-crochet-wide-band-bikini-top-mocha-melt","/products/the-crochet-wide-band-bikini-top?variant=55082784915842"
"/products/the-crochet-wide-band-bikini-top-strawberry-sorbet","/products/the-crochet-wide-band-bikini-top?variant=55438012088706"
"/products/the-delina-mini-chocolate","/products/the-delina-mini?variant=56093800792450"
"/products/the-delina-mini-navy","/products/the-delina-mini?variant=56093797581186"
"/products/the-devore-maxi-black","/products/the-devore-maxi?variant=55993190613378"
"/products/the-devore-mini-black","/products/the-devore-mini?variant=55993178096002"
"/products/the-double-strap-bikini-bottoms-eden-print","/products/the-double-strap-bikini-bottoms?variant=55564963512706"
"/products/the-droplet-top-white","/products/the-droplet-top?variant=55103659278722"
"/products/the-elara-mini-cream","/products/the-elara-mini?variant=55993320472962"
"/products/the-feather-mini-skirt-black","/products/the-feather-mini-skirt?variant=42808529322037"
"/products/the-feather-mini-skirt-white","/products/the-feather-mini-skirt?variant=42808535220277"
"/products/the-floaty-eyelet-skirt-rose-leopard","/products/the-floaty-eyelet-skirt?variant=43771856814133"
"/products/the-floaty-sleeve-crop-top-rose-leopard","/products/the-floaty-sleeve-crop-top?variant=43771870871605"
"/products/the-floaty-sleeve-crop-top-white","/products/the-floaty-sleeve-crop-top?variant=43973898403893"
"/products/the-fold-over-ruffle-shorts-beige","/products/the-fold-over-ruffle-shorts?variant=55721431138690"
"/products/the-high-neck-bodysuit-blush","/products/the-high-neck-bodysuit?variant=56090296123778"
"/products/the-high-neck-bodysuit-taupe","/products/the-high-neck-bodysuit?variant=56090197950850"
"/products/the-high-neck-crop-top-white","/products/the-high-neck-crop-top?variant=44037579112501"
"/products/the-high-neck-leather-crop-top-black","/products/the-high-neck-leather-crop-top?variant=42960778919989"
"/products/the-high-neck-leather-crop-top-stone-1","/products/the-high-neck-leather-crop-top?variant=42719203885109"
"/products/the-high-neck-mini-khaki","/products/the-high-neck-mini?variant=55957048361346"
"/products/the-high-neck-suede-crop-top-cream","/products/the-high-neck-suede-crop-top?variant=55957092237698"
"/products/the-high-neck-suede-crop-top-khaki","/products/the-high-neck-suede-crop-top?variant=55957064057218"
"/products/the-high-neck-suede-mini-camel","/products/the-high-neck-suede-mini?variant=56117893366146"
"/products/the-hook-eye-lace-up-corset-white","/products/the-hook-eye-lace-up-corset?variant=42808460378165"
"/products/the-isla-mini-black-lace","/products/the-isla-mini?variant=56090141163906"
"/products/the-knit-bandeau-maxi-lemon","/products/the-knit-bandeau-maxi?variant=55737210896770"
"/products/the-knit-bandeau-maxi-mocha","/products/the-knit-bandeau-maxi?variant=56142877524354"
"/products/the-knit-bandeau-maxi-sage","/products/the-knit-bandeau-maxi?variant=55737207751042"
"/products/the-knit-bandeau-maxi-white","/products/the-knit-bandeau-maxi?variant=55737093652866"
"/products/the-knit-beaded-bikini-bottoms-lemon","/products/the-knit-beaded-bikini-bottoms?variant=55101891445122"
"/products/the-knit-beaded-bikini-bottoms-powder-blue","/products/the-knit-beaded-bikini-bottoms?variant=55101854581122"
"/products/the-knit-beaded-bikini-bottoms-white","/products/the-knit-beaded-bikini-bottoms?variant=55486868881794"
"/products/the-knit-beaded-bikini-top-lemon","/products/the-knit-beaded-bikini-top?variant=55101897212290"
"/products/the-knit-beaded-bikini-top-powder-blue","/products/the-knit-beaded-bikini-top?variant=55101859561858"
"/products/the-knit-beaded-bikini-top-white","/products/the-knit-beaded-bikini-top?variant=55486867145090"
"/products/the-knit-cowl-mini-lemon","/products/the-knit-cowl-mini?variant=55168598966658"
"/products/the-knit-cowl-mini-powder-blue","/products/the-knit-cowl-mini?variant=55168591200642"
"/products/the-knit-cowl-mini-white","/products/the-knit-cowl-mini?variant=55486859542914"
"/products/the-knitted-foldover-shorts-lemon","/products/the-knitted-foldover-shorts?variant=55101887480194"
"/products/the-knitted-foldover-shorts-powder-blue","/products/the-knitted-foldover-shorts?variant=55101839442306"
"/products/the-knitted-foldover-shorts-white","/products/the-knitted-foldover-shorts?variant=55486866096514"
"/products/the-knitted-scoop-dress-lemon","/products/the-knitted-scoop-dress?variant=55101866279298"
"/products/the-knitted-scoop-dress-powder-blue","/products/the-knitted-scoop-dress?variant=55101816635778"
"/products/the-knitted-scoop-dress-white","/products/the-knitted-scoop-dress?variant=55486865408386"
"/products/the-knot-swimsuit-black","/products/the-knot-swimsuit?variant=42536813330485"
"/products/the-knot-swimsuit-lemon","/products/the-knot-swimsuit?variant=43604166737973"
"/products/the-knot-swimsuit-leopard","/products/the-knot-swimsuit?variant=43604190494773"
"/products/the-knot-swimsuit-milkshake-pink","/products/the-knot-swimsuit?variant=43604174831669"
"/products/the-knot-swimsuit-mocha","/products/the-knot-swimsuit?variant=43092834058293"
"/products/the-knot-swimsuit-powder-blue","/products/the-knot-swimsuit?variant=55548698591618"
"/products/the-knot-swimsuit-red","/products/the-knot-swimsuit?variant=43092831567925"
"/products/the-knot-swimsuit-sage","/products/the-knot-swimsuit?variant=55168370835842"
"/products/the-knot-swimsuit-white","/products/the-knot-swimsuit?variant=42536826896437"
"/products/the-lace-cutout-wrap-mini-black","/products/the-lace-cutout-wrap-mini?variant=54869087388034"
"/products/the-lace-fitted-trousers-white","/products/the-lace-fitted-trousers?variant=55721125642626"
"/products/the-lace-low-rise-trousers-black","/products/the-lace-low-rise-trousers?variant=54869079589250"
"/products/the-lace-maxi-skirt-black-floral","/products/the-lace-maxi-skirt?variant=43363558621237"
"/products/the-lace-maxi-skirt-lemon","/products/the-lace-maxi-skirt?variant=43604160086069"
"/products/the-lace-maxi-skirt-milkshake-pink","/products/the-lace-maxi-skirt?variant=43604170047541"
"/products/the-lace-maxi-skirt-mocha","/products/the-lace-maxi-skirt?variant=43092840775733"
"/products/the-lace-maxi-skirt-navy","/products/the-lace-maxi-skirt?variant=55168406520194"
"/products/the-lace-maxi-skirt-powder-blue","/products/the-lace-maxi-skirt?variant=55193717703042"
"/products/the-lace-maxi-skirt-red","/products/the-lace-maxi-skirt?variant=43092839727157"
"/products/the-lace-maxi-skirt-sage","/products/the-lace-maxi-skirt?variant=55168380600706"
"/products/the-lace-maxi-skirt-white-floral","/products/the-lace-maxi-skirt?variant=43163126104117"
"/products/the-lace-maxi-skirt-wine","/products/the-lace-maxi-skirt?variant=55168436994434"
"/products/the-lace-structured-corset-black","/products/the-lace-structured-corset?variant=54869083095426"
"/products/the-lace-trim-bikini-bottoms-blue-floral","/products/the-lace-trim-bikini-bottoms?variant=55518956487042"
"/products/the-lace-trim-bikini-bottoms-paisley-1","/products/the-lace-trim-bikini-bottoms?variant=55517113024898"
"/products/the-lace-trim-bikini-bottoms-pink-floral","/products/the-lace-trim-bikini-bottoms?variant=55518949441922"
"/products/the-lace-trim-bikini-top-black-white-floral","/products/the-lace-trim-bikini-top?variant=55518993023362"
"/products/the-lace-trim-bikini-top-lemon-floral","/products/the-lace-trim-bikini-top?variant=55518986273154"
"/products/the-lace-trim-maxi-skirt-polka-dot","/products/the-lace-trim-maxi-skirt?variant=55565030457730"
"/products/the-lace-trim-tie-side-bikini-bottoms-black-white-floral","/products/the-lace-trim-tie-side-bikini-bottoms?variant=55518994301314"
"/products/the-lace-trim-tie-side-bikini-bottoms-blue-floral","/products/the-lace-trim-tie-side-bikini-bottoms?variant=55518987977090"
"/products/the-lace-trim-tie-side-bikini-bottoms-lemon-floral","/products/the-lace-trim-tie-side-bikini-bottoms?variant=55518990532994"
"/products/the-lace-trim-tie-side-bikini-bottoms-polka-dot","/products/the-lace-trim-tie-side-bikini-bottoms?variant=55565003030914"
"/products/the-lace-trim-triangle-top-polka-dot","/products/the-lace-trim-triangle-top?variant=55564995887490"
"/products/the-lace-up-corset-black","/products/the-lace-up-corset?variant=42808420466741"
"/products/the-lace-up-eyelet-skirt-white","/products/the-lace-up-eyelet-skirt?variant=43973897650229"
"/products/the-layered-o-ring-bikini-top-eden","/products/the-layered-o-ring-bikini-top?variant=55564859113858"
"/products/the-long-sleeve-twist-maxi-dress-lemon","/products/the-long-sleeve-twist-maxi-dress?variant=43974033932341"
"/products/the-long-sleeve-twist-maxi-dress-white","/products/the-long-sleeve-twist-maxi-dress?variant=43974001426485"
"/products/the-lucia-fold-over-mini-oatmeal","/products/the-lucia-fold-over-mini?variant=56121908003202"
"/products/the-mesh-cowl-maxi-green-leopard","/products/the-mesh-cowl-maxi?variant=43621279170613"
"/products/the-mesh-cowl-maxi-pink-leopard","/products/the-mesh-cowl-maxi?variant=43621358141493"
"/products/the-mesh-maxi-skirt-mauve","/products/the-mesh-maxi-skirt?variant=55646799790466"
"/products/the-mesh-mini-skirt-green","/products/the-mesh-mini-skirt?variant=55170176483714"
"/products/the-mini-skirt-eden-print","/products/the-mini-skirt?variant=55565042319746"
"/products/the-muse-maxi-wine","/products/the-muse-maxi?variant=56142889353602"
"/products/the-nala-knit-cardigan-white","/products/the-nala-knit-cardigan?variant=55993140380034"
"/products/the-nala-knit-mini-white","/products/the-nala-knit-mini?variant=55993119441282"
"/products/the-o-ring-dress-black","/products/the-o-ring-dress?variant=44037424971829"
"/products/the-o-ring-dress-chocolate","/products/the-o-ring-dress?variant=44037404065845"
"/products/the-o-ring-dress-white","/products/the-o-ring-dress?variant=44037417271349"
"/products/the-o-ring-swimsuit-black","/products/the-o-ring-swimsuit?variant=55456335167874"
"/products/the-o-ring-swimsuit-navy","/products/the-o-ring-swimsuit?variant=55168397312386"
"/products/the-o-ring-swimsuit-wine","/products/the-o-ring-swimsuit?variant=55168410780034"
"/products/the-o-trim-bikini-bottoms-brown-snake-print","/products/the-o-trim-bikini-bottoms?variant=55168551780738"
"/products/the-o-trim-bikini-bottoms-white","/products/the-o-trim-bikini-bottoms?variant=55168537756034"
"/products/the-o-trim-bikini-top-brown-snake-print","/products/the-o-trim-bikini-top?variant=55168549421442"
"/products/the-o-trim-bikini-top-white","/products/the-o-trim-bikini-top?variant=55168534774146"
"/products/the-perla-mini-black-velvet","/products/the-perla-mini?variant=56090093650306"
"/products/the-printed-cowl-top-apricot","/products/the-printed-cowl-top?variant=55585952924034"
"/products/the-printed-cowl-top-khaki","/products/the-printed-cowl-top?variant=55585946960258"
"/products/the-printed-mini-skirt-khaki","/products/the-printed-mini-skirt?variant=55585933459842"
"/products/the-printed-mini-skirt-orange","/products/the-printed-mini-skirt?variant=55585949876610"
"/products/the-rosette-capri-plum","/products/the-rosette-capri?variant=56093691150722"
"/products/the-rosette-split-sleeve-top-black","/products/the-rosette-split-sleeve-top?variant=44037577736245"
"/products/the-rosette-split-sleeve-top-chocolate","/products/the-rosette-split-sleeve-top?variant=44037572919349"
"/products/the-rosette-split-sleeve-top-white","/products/the-rosette-split-sleeve-top?variant=44037576622133"
"/products/the-rosette-top-plum","/products/the-rosette-top?variant=56093753049474"
"/products/the-ruched-leather-mini-skirt-black","/products/the-ruched-leather-mini-skirt?variant=42960777445429"
"/products/the-ruched-leather-mini-skirt-stone-2","/products/the-ruched-leather-mini-skirt?variant=42719226560565"
"/products/the-ruched-suede-mini-skirt-cream","/products/the-ruched-suede-mini-skirt?variant=55957092663682"
"/products/the-ruched-suede-mini-skirt-khaki","/products/the-ruched-suede-mini-skirt?variant=55957080539522"
"/products/the-ruffle-cowl-top-beige","/products/the-ruffle-cowl-top?variant=55721466724738"
"/products/the-satin-bikini-bottoms-light-blue","/products/the-satin-bikini-bottoms?variant=55564545982850"
"/products/the-satin-bikini-bottoms-powder-pink","/products/the-satin-bikini-bottoms?variant=55564552077698"
"/products/the-satin-bikini-bottoms-taupe","/products/the-satin-bikini-bottoms?variant=55564571410818"
"/products/the-satin-cowl-top-black","/products/the-satin-cowl-top?variant=56070625919362"
"/products/the-satin-cowl-top-cream","/products/the-satin-cowl-top?variant=56070662422914"
"/products/the-satin-mini-skirt-blush","/products/the-satin-mini-skirt?variant=56093594091906"
"/products/the-satin-underwire-bikini-top-light-blue","/products/the-satin-underwire-bikini-top?variant=55564524487042"
"/products/the-satin-underwire-bikini-top-powder-pink","/products/the-satin-underwire-bikini-top?variant=55564550504834"
"/products/the-satin-underwire-bikini-top-taupe","/products/the-satin-underwire-bikini-top?variant=55564562825602"
"/products/the-scallop-lace-sarong-navy","/products/the-scallop-lace-sarong?variant=43922337759285"
"/products/the-scallop-lace-sarong-wine","/products/the-scallop-lace-sarong?variant=43922325536821"
"/products/the-sequin-cowl-top-black","/products/the-sequin-cowl-top?variant=55185653531010"
"/products/the-sequin-cowl-top-chocolate","/products/the-sequin-cowl-top?variant=55486874943874"
"/products/the-sequin-cowl-top-cream","/products/the-sequin-cowl-top?variant=55185615978882"
"/products/the-sequin-cowl-top-pearl","/products/the-sequin-cowl-top?variant=55486878384514"
"/products/the-sequin-cowl-top-pink","/products/the-sequin-cowl-top?variant=55486869275010"
"/products/the-sequin-cowl-top-powder-blue","/products/the-sequin-cowl-top?variant=55185608638850"
"/products/the-sequin-cowl-top-wine","/products/the-sequin-cowl-top?variant=55185657201026"
"/products/the-sequin-maxi-skirt-black","/products/the-sequin-maxi-skirt?variant=55185656742274"
"/products/the-sequin-maxi-skirt-chocolate","/products/the-sequin-maxi-skirt?variant=55486876582274"
"/products/the-sequin-maxi-skirt-pearl","/products/the-sequin-maxi-skirt?variant=55486878941570"
"/products/the-sequin-maxi-skirt-pink","/products/the-sequin-maxi-skirt?variant=55486874222978"
"/products/the-sequin-maxi-skirt-white","/products/the-sequin-maxi-skirt?variant=55617639285122"
"/products/the-sequin-maxi-skirt-wine","/products/the-sequin-maxi-skirt?variant=55185658085762"
"/products/the-sequin-mini-skirt-black","/products/the-sequin-mini-skirt?variant=55185654808962"
"/products/the-sequin-mini-skirt-chocolate","/products/the-sequin-mini-skirt?variant=55486875304322"
"/products/the-sequin-mini-skirt-cream","/products/the-sequin-mini-skirt?variant=55185616372098"
"/products/the-sequin-mini-skirt-pink","/products/the-sequin-mini-skirt?variant=55486872191362"
"/products/the-sequin-mini-skirt-powder-blue","/products/the-sequin-mini-skirt?variant=55185615094146"
"/products/the-sequin-mini-skirt-rio","/products/the-sequin-mini-skirt?variant=55486884675970"
"/products/the-sequin-mini-skirt-taupe","/products/the-sequin-mini-skirt?variant=56070899630466"
"/products/the-sequin-mini-skirt-wine","/products/the-sequin-mini-skirt?variant=55185657856386"
"/products/the-serene-knit-maxi-skirt-cream","/products/the-serene-knit-maxi-skirt?variant=55993239830914"
"/products/the-serene-knit-top-cream","/products/the-serene-knit-top?variant=55993230426498"
"/products/the-shirred-linen-maxi-skirt-stone","/products/the-shirred-linen-maxi-skirt?variant=43973976358965"
"/products/the-shirred-linen-maxi-skirt-white","/products/the-shirred-linen-maxi-skirt?variant=43973901647925"
"/products/the-side-cutout-swimsuit-white","/products/the-side-cutout-swimsuit?variant=55168387973506"
"/products/the-split-maxi-skirt-black","/products/the-split-maxi-skirt?variant=44037509906485"
"/products/the-split-maxi-skirt-chocolate","/products/the-split-maxi-skirt?variant=44037510135861"
"/products/the-split-maxi-skirt-white","/products/the-split-maxi-skirt?variant=44037496930357"
"/products/the-split-tassel-maxi-skirt-black","/products/the-split-tassel-maxi-skirt?variant=44037430378549"
"/products/the-split-tassel-maxi-skirt-chocolate","/products/the-split-tassel-maxi-skirt?variant=44037476286517"
"/products/the-split-tassel-maxi-skirt-white","/products/the-split-tassel-maxi-skirt?variant=44037473796149"
"/products/the-starfish-bikini-top-cream","/products/the-starfish-bikini-top?variant=55166853775746"
"/products/the-starfish-bikini-top-mauve","/products/the-starfish-bikini-top?variant=55645942776194"
"/products/the-starfish-bikini-top-sage","/products/the-starfish-bikini-top?variant=55166849155458"
"/products/the-strappy-mesh-maxi-blue-floral","/products/the-strappy-mesh-maxi?variant=43621429051445"
"/products/the-strapy-mesh-maxi-pink-floral","/products/the-strapy-mesh-maxi?variant=43621377474613"
"/products/the-stripy-mesh-maxi-skirt-khaki","/products/the-stripy-mesh-maxi-skirt?variant=55101942759810"
"/products/the-stripy-mesh-tie-top-khaki","/products/the-stripy-mesh-tie-top?variant=55101964288386"
"/products/the-tan-bikini-bottoms-black","/products/the-tan-bikini-bottoms?variant=43509423964213"
"/products/the-tan-bikini-bottoms-black-white","/products/the-tan-bikini-bottoms?variant=43509161623605"
"/products/the-tan-bikini-bottoms-leopard","/products/the-tan-bikini-bottoms?variant=43509408432181"
"/products/the-tan-bikini-bottoms-mocha","/products/the-tan-bikini-bottoms?variant=43904863895605"
"/products/the-tan-bikini-bottoms-white","/products/the-tan-bikini-bottoms?variant=43509415739445"
"/products/the-tan-bikini-bottoms-wine","/products/the-tan-bikini-bottoms?variant=43920824795189"
"/products/the-tan-bikini-top-black","/products/the-tan-bikini-top?variant=43509427241013"
"/products/the-tan-bikini-top-leopard","/products/the-tan-bikini-top?variant=43509412790325"
"/products/the-tan-bikini-top-white","/products/the-tan-bikini-top?variant=43509420458037"
"/products/the-tan-bikini-top-wine","/products/the-tan-bikini-top?variant=43920826236981"
"/products/the-tassel-mini-skirt-black-1","/products/the-tassel-mini-skirt?variant=42536791932981"
"/products/the-tassel-mini-skirt-mocha","/products/the-tassel-mini-skirt?variant=43092849852469"
"/products/the-tassel-mini-skirt-red-1","/products/the-tassel-mini-skirt?variant=43092848312373"
"/products/the-tassel-mini-skirt-white-1","/products/the-tassel-mini-skirt?variant=42536793145397"
"/products/the-tawny-knit-mini-dark-taupe","/products/the-tawny-knit-mini?variant=55993016877442"
"/products/the-tie-side-mini-black","/products/the-tie-side-mini?variant=56519660700034"
"/products/the-tie-side-mini-khaki","/products/the-tie-side-mini?variant=56519660994946"
"/products/the-tie-side-mini-white","/products/the-tie-side-mini?variant=55721243902338"
"/products/the-tie-up-sarong-black-white-floral","/products/the-tie-up-sarong?variant=55518995874178"
"/products/the-tie-up-sarong-blue-floral","/products/the-tie-up-sarong?variant=55518975656322"
"/products/the-tie-up-sarong-lemon-floral","/products/the-tie-up-sarong?variant=55518991384962"
"/products/the-tie-up-sarong-paisley","/products/the-tie-up-sarong?variant=55517128491394"
"/products/the-tie-up-sarong-pink-floral","/products/the-tie-up-sarong?variant=55518950424962"
"/products/the-twist-bandeau-top-black","/products/the-twist-bandeau-top?variant=44037565186101"
"/products/the-twist-bandeau-top-chocolate","/products/the-twist-bandeau-top?variant=44037568626741"
"/products/the-twist-bandeau-top-white","/products/the-twist-bandeau-top?variant=44037557420085"
"/products/the-underwire-lace-trim-bikini-top-blue-floral","/products/the-underwire-lace-trim-bikini-top?variant=55518952653186"
"/products/the-underwire-lace-trim-bikini-top-lemon-floral","/products/the-underwire-lace-trim-bikini-top?variant=55517109682562"
"/products/the-underwire-lace-trim-bikini-top-pink-floral","/products/the-underwire-lace-trim-bikini-top?variant=55518943576450"
"/products/the-v-bikini-top-black","/products/the-v-bikini-top?variant=43970050195509"
"/products/the-v-bikini-top-mocha","/products/the-v-bikini-top?variant=43970057732149"
"/products/the-v-bikini-top-white","/products/the-v-bikini-top?variant=43970056912949"
"/products/the-wide-band-bikini-bottoms-black","/products/the-wide-band-bikini-bottoms?variant=43901155901493"
"/products/the-wide-band-bikini-bottoms-black-white-crochet","/products/the-wide-band-bikini-bottoms?variant=43974037012533"
"/products/the-wide-band-bikini-bottoms-blue-paisley","/products/the-wide-band-bikini-bottoms?variant=55056655810946"
"/products/the-wide-band-bikini-bottoms-cream","/products/the-wide-band-bikini-bottoms?variant=55166854431106"
"/products/the-wide-band-bikini-bottoms-floral","/products/the-wide-band-bikini-bottoms?variant=55056658530690"
"/products/the-wide-band-bikini-bottoms-mauve","/products/the-wide-band-bikini-bottoms?variant=55645955031426"
"/products/the-wide-band-bikini-bottoms-mocha","/products/the-wide-band-bikini-bottoms?variant=43871042306101"
"/products/the-wide-band-bikini-bottoms-pink","/products/the-wide-band-bikini-bottoms?variant=55645923377538"
"/products/the-wide-band-bikini-bottoms-powder-blue","/products/the-wide-band-bikini-bottoms?variant=55101824008578"
"/products/the-wide-band-bikini-bottoms-sage","/products/the-wide-band-bikini-bottoms?variant=55166852366722"
"/products/the-wide-band-bikini-bottoms-wine","/products/the-wide-band-bikini-bottoms?variant=43729864359989"
"/products/the-wide-band-bikini-top-black","/products/the-wide-band-bikini-top?variant=43901159112757"
"/products/the-wide-band-bikini-top-black-white-crochet","/products/the-wide-band-bikini-top?variant=43974038487093"
"/products/the-wide-band-bikini-top-blue-paisley","/products/the-wide-band-bikini-top?variant=55056620716418"
"/products/the-wide-band-bikini-top-floral","/products/the-wide-band-bikini-top?variant=55056657023362"
"/products/the-wide-band-bikini-top-mocha","/products/the-wide-band-bikini-top?variant=43871042699317"
"/products/the-wide-band-bikini-top-pink","/products/the-wide-band-bikini-top?variant=55645905387906"
"/products/the-wide-band-bikini-top-powder-blue","/products/the-wide-band-bikini-top?variant=55101831020930"
"/products/the-wide-band-bikini-top-wine","/products/the-wide-band-bikini-top?variant=43729868259381"
"/products/wide-band-bikini-bottoms-black-white","/products/wide-band-bikini-bottoms?variant=43006181900341"
"/products/wide-band-bikini-bottoms-lemon","/products/wide-band-bikini-bottoms?variant=43006183637045"
"/products/wide-band-bikini-bottoms-white","/products/wide-band-bikini-bottoms?variant=43006187733045"
"/products/wide-band-bikini-top-lemon","/products/wide-band-bikini-top?variant=43006187110453"
"/products/wide-band-bikini-top-white","/products/wide-band-bikini-top?variant=43006188322869"