"Handle","Title"
"the-amara-lace-lace-top-corset-black","The amara lace top corset - Black"
"the-amara-lace-lace-trouser-black","The amara lace trouser - Black"
"the-amore-set-taupe","The amore corset set - Taupe"
"the-beaded-bikini-bottoms-khaki","The beaded bikini bottoms - Khaki"
"the-beaded-bikini-top-khaki","The beaded bikini top - Khaki"
"the-burnout-cowl-top-powder-blue","The burnout cowl top - Blue"
"copy-the-burnout-cowl-top-cream","The burnout cowl top - Cream"
"the-cove-mini-grey-knit","The cove knit mini"
"the-cowl-maxi-blue-floral","The cowl maxi - Floral"
"the-cowl-maxi-yellow-floral","The cowl maxi - Floral"
"the-crochet-foldover-shorts-black-white","The crochet foldover shorts - White"
"the-crochet-foldover-shorts-mocha-melt","The crochet foldover shorts - Mocha Melt"
"the-crochet-foldover-shorts-lemon-sorbet","The crochet foldover shorts - Lemon Sorbet"
"the-crochet-foldover-shorts-strawberry-sorbet","The crochet foldover shorts - Strawberry Sorbet"
"the-crochet-foldover-shorts-blueberry-cream","The crochet foldover shorts - Blueberry Cream"
"the-crochet-foldover-shorts-cherry-swirl","The crochet foldover shorts - Cherry Swirl"
"the-crochet-maxi-skirt-black-white","The crochet maxi skirt - Black & White"
"the-crochet-maxi-skirt-mocha-melt","The crochet maxi skirt - Mocha Melt"
"the-crochet-maxi-skirt-lemon-sorbet","The crochet maxi skirt - Lemon Sorbet"
"the-crochet-maxi-skirt-strawberry-sorbet","The crochet maxi skirt - Strawberry Sorbet"
"the-crochet-tan-bikini-bottoms-black-white","The crochet tan bikini bottoms - Black & White"
"the-crochet-tan-bikini-bottoms-mocha-melt","The crochet tan bikini bottoms - Mocha Melt"
"the-crochet-tan-bikini-bottoms-lemon-sorbet","The crochet tan bikini bottoms - Lemon Sorbet"
"the-crochet-tan-bikini-bottoms-strawberry-sorbet","The crochet tan bikini bottoms - Sorbet"
"the-crochet-tan-bikini-bottoms-blueberry-cream","The crochet tan bikini bottoms - Blueberry Cream"
"the-crochet-tan-bikini-bottoms-cherry-blush","The crochet tan bikini bottoms - Blush"
"the-crochet-tan-bikini-top-black-white","The crochet tan bikini top - Black & White"
"the-crochet-tan-bikini-top-mocha-melt","The crochet tan bikini top - Mocha Melt"
"the-crochet-tan-bikini-top-lemon-sorbet","The crochet tan bikini top - Lemon Sorbet"
"the-crochet-tan-bikini-top-strawberry-sorbet","The crochet tan bikini top - Strawberry Sorbet"
"the-crochet-tan-bikini-top-blueberry-cream","The crochet tan bikini top - Blueberry Cream"
"the-crochet-tan-bikini-top-cherry-blush","The crochet tan bikini top - Blush"
"the-wide-band-bikini-bottoms-black-white-crochet","The crochet wide band bikini bottoms"
"the-crochet-wide-band-bikini-bottoms-mocha-melt","The crochet wide band bikini bottoms - Melt"
"the-crochet-wide-band-bikini-bottoms-lemon-sorbet","The crochet wide band bikini bottoms - Sorbet"
"the-crochet-wide-band-bikini-bottoms-strawberry-sorbet","The crochet wide band bikini bottoms - Sorbet"
"the-wide-band-bikini-top-black-white-crochet","The crochet wide band bikini top"
"the-crochet-wide-band-bikini-top-mocha-melt","The crochet wide band bikini top - Melt"
"the-crochet-wide-band-bikini-top-lemon-sorbet","The crochet wide band bikini top - Sorbet"
"the-crochet-wide-band-bikini-top-strawberry-sorbet","The crochet wide band bikini top - Sorbet"
"the-delina-mini-navy","The delina mini - Navy"
"the-delina-mini-chocolate","The delina mini - Chocolate"
"the-devore-maxi-black","The devore maxi - Black"
"the-devore-mini-black","The devore mini - Black"
"the-lace-up-corset-black","The dipped hem lace up corset - Black"
"the-double-strap-bikini-bottoms-eden-print","The double strap bikini bottoms - Print"
"the-droplet-top-white","The droplet top - White"
"the-elara-mini-cream","The elara mini - Cream"
"the-feather-mini-skirt-black","The feather mini skirt - Black"
"the-feather-mini-skirt-white","The feather mini skirt - White"
"the-floaty-sleeve-crop-top-rose-leopard","The floaty sleeve crop top - Leopard"
"the-floaty-sleeve-crop-top-white","The floaty sleeve crop top - White"
"the-burnout-maxi-skirt-powder-blue","The fold over burnout maxi skirt - Blue"
"the-burnout-maxi-skirt-cream","The fold over burnout maxi skirt - Cream"
"the-lace-fitted-trousers-white","The fold over lace trousers - White"
"the-fold-over-ruffle-shorts-beige","The foldover ruffle shorts - Beige"
"the-high-neck-bodysuit-taupe","The high neck bodysuit - Taupe"
"the-high-neck-bodysuit-blush","The high neck bodysuit - Blush"
"the-high-neck-crop-top-white","The high neck crop top - White"
"the-high-neck-leather-crop-top-stone-1","The high neck leather crop top - Stone"
"the-high-neck-leather-crop-top-black","The high neck leather crop top - Black"
"the-high-neck-suede-crop-top-khaki","The high neck suede crop top - Khaki"
"the-high-neck-suede-crop-top-cream","The high neck suede crop top - Cream"
"the-high-neck-mini-khaki","The high neck suede mini - Khaki"
"copy-the-high-neck-mini-cream","The high neck suede mini - Cream"
"the-high-neck-suede-mini-camel","The high neck suede mini - Camel"
"the-hook-eye-lace-up-corset-white","The hook & eye lace up corset - White"
"the-isla-mini-black-lace","The isla mini - Lace"
"the-knit-bandeau-maxi-white","The knit bandeau maxi - White"
"the-knit-bandeau-maxi-sage","The knit bandeau maxi - Sage"
"the-knit-bandeau-maxi-lemon","The knit bandeau maxi - Lemon"
"the-knit-bandeau-maxi-mocha","The knit bandeau maxi - Mocha"
"the-knit-beaded-bikini-bottoms-powder-blue","The knit beaded bikini bottoms - Blue"
"the-knit-beaded-bikini-bottoms-lemon","The knit beaded bikini bottoms - Lemon"
"the-knit-beaded-bikini-bottoms-white","The knit beaded bikini bottoms - White"
"the-knit-beaded-bikini-top-powder-blue","The knit beaded bikini top - Blue"
"the-knit-beaded-bikini-top-lemon","The knit beaded bikini top - Lemon"
"the-knit-beaded-bikini-top-white","The knit beaded bikini top - White"
"the-knit-cowl-mini-powder-blue","The knit cowl mini - Blue"
"the-knit-cowl-mini-lemon","The knit cowl mini - Lemon"
"the-knit-cowl-mini-white","The knit cowl mini - White"
"the-knitted-foldover-shorts-powder-blue","The knitted foldover shorts - Blue"
"the-knitted-foldover-shorts-lemon","The knitted foldover shorts - Lemon"
"the-knitted-foldover-shorts-white","The knitted foldover shorts - White"
"the-knitted-scoop-dress-powder-blue","The knitted scoop dress - Blue"
"the-knitted-scoop-dress-lemon","The knitted scoop dress - Lemon"
"the-knitted-scoop-dress-white","The knitted scoop dress - White"
"the-knot-swimsuit-black","The knot swimsuit - Black"
"the-knot-swimsuit-white","The knot swimsuit - White"
"the-knot-swimsuit-red","The knot swimsuit - Red"
"the-knot-swimsuit-mocha","The knot swimsuit - Mocha"
"the-knot-swimsuit-lemon","The knot swimsuit - Lemon"
"the-knot-swimsuit-milkshake-pink","The knot swimsuit - Pink"
"the-knot-swimsuit-leopard","The knot swimsuit - Leopard"
"the-knot-swimsuit-sage","The knot swimsuit - Sage"
"the-knot-swimsuit-powder-blue","The knot swimsuit - Blue"
"the-lace-low-rise-trousers-black","The lace fitted trousers - Black"
"the-lace-cutout-wrap-mini-black","The lace keyhole wrap mini dress - Black"
"the-lace-maxi-skirt-red","The lace maxi skirt - Red"
"the-lace-maxi-skirt-mocha","The lace maxi skirt - Mocha"
"the-lace-maxi-skirt-white-floral","The lace maxi skirt - Floral"
"the-lace-maxi-skirt-black-floral","The lace maxi skirt - Floral"
"the-lace-maxi-skirt-lemon","The lace maxi skirt - Lemon"
"the-lace-maxi-skirt-milkshake-pink","The lace maxi skirt - Pink"
"the-lace-maxi-skirt-sage","The lace maxi skirt - Sage"
"the-lace-maxi-skirt-navy","The lace maxi skirt - Navy"
"the-lace-maxi-skirt-wine","The lace maxi skirt - Wine"
"the-lace-maxi-skirt-powder-blue","The lace maxi skirt - Blue"
"the-lace-structured-corset-black","The lace structured corset - Black"
"the-lace-trim-bikini-bottoms-paisley-1","The lace trim bikini bottoms - Paisley"
"the-lace-trim-bikini-bottoms-pink-floral","The lace trim bikini bottoms - Floral"
"the-lace-trim-bikini-bottoms-blue-floral","The lace trim bikini bottoms - Floral"
"the-lace-trim-maxi-skirt-polka-dot","The lace trim maxi skirt - Dot"
"the-lace-trim-tie-side-bikini-bottoms-blue-floral","The lace trim tie side bikini bottoms - Floral"
"the-lace-trim-tie-side-bikini-bottoms-lemon-floral","The lace trim tie side bikini bottoms - Floral"
"the-lace-trim-tie-side-bikini-bottoms-black-white-floral","The lace trim tie side bikini bottoms - Floral"
"the-lace-trim-tie-side-bikini-bottoms-polka-dot","The lace trim tie side bikini bottoms - Dot"
"the-lace-trim-bikini-top-lemon-floral","The lace trim triangle top - Floral"
"the-lace-trim-bikini-top-lemon-floral-1","The lace trim triangle top - Lemon Floral"
"the-lace-trim-bikini-top-black-white-floral","The lace trim triangle top - Floral"
"the-lace-trim-triangle-top-polka-dot","The lace trim triangle top - Dot"
"the-floaty-eyelet-skirt-rose-leopard","The lace up eyelet skirt - Leopard"
"the-lace-up-eyelet-skirt-white","The lace up eyelet skirt - White"
"the-layered-o-ring-bikini-top-eden","The layered o - ring bikini top - Eden"
"the-long-sleeve-twist-maxi-dress-white","The long sleeve twist maxi dress - White"
"the-long-sleeve-twist-maxi-dress-lemon","The long sleeve twist maxi dress - Lemon"
"the-lucia-fold-over-mini-oatmeal","The lucia fold over mini - Oatmeal"
"the-mesh-cowl-maxi-green-leopard","The mesh cowl maxi - Leopard"
"the-mesh-cowl-maxi-pink-leopard","The mesh cowl maxi - Leopard"
"the-mesh-maxi-skirt-mauve","The mesh maxi skirt - Mauve"
"the-mesh-mini-skirt-green","The mesh mini skirt - Green"
"the-mini-skirt-eden-print","The mini skirt - Print"
"the-muse-maxi-wine","The muse maxi - Wine"
"the-nala-knit-cardigan-white","The nala knit cardigan - White"
"the-nala-knit-mini-white","The nala knit mini - White"
"the-o-ring-swimsuit-navy","The o - ring swimsuit - Navy"
"the-o-ring-swimsuit-wine","The o - ring swimsuit - Wine"
"the-o-ring-swimsuit-black","The o - ring swimsuit - Black"
"the-o-trim-bikini-bottoms-white","The o - trim bikini bottoms - White"
"the-o-trim-bikini-bottoms-brown-snake-print","The o - trim bikini bottoms - Print"
"the-o-trim-bikini-top-white","The o - trim bikini top - White"
"the-o-trim-bikini-top-brown-snake-print","The o - trim bikini top - Print"
"the-o-ring-dress-chocolate","The O ring dress - Chocolate"
"the-o-ring-dress-white","The O ring dress - White"
"the-o-ring-dress-black","The O ring dress - Black"
"the-perla-mini-black-velvet","The perla mini - Velvet"
"the-printed-cowl-top-khaki","The printed cowl top - Khaki"
"the-printed-cowl-top-apricot","The printed cowl top - Apricot"
"the-printed-mini-skirt-khaki","The printed mini skirt - Khaki"
"the-printed-mini-skirt-orange","The printed mini skirt - Orange"
"the-rosette-capri-plum","The roselle lace capri - Plum"
"the-rosette-top-plum","The roselle lace top - Plum"
"the-rosette-split-sleeve-top-chocolate","The rosette split sleeve top - Chocolate"
"the-rosette-split-sleeve-top-white","The rosette split sleeve top - White"
"the-rosette-split-sleeve-top-black","The rosette split sleeve top - Black"
"the-ruched-leather-mini-skirt-stone-2","The ruched leather mini skirt - Stone"
"the-ruched-leather-mini-skirt-black","The ruched leather mini skirt - Black"
"the-ruched-suede-mini-skirt-khaki","The ruched suede mini skirt - Khaki"
"the-ruched-suede-mini-skirt-cream","The ruched suede mini skirt - Cream"
"the-ruffle-cowl-top-beige","The ruffle cowl top - Beige"
"the-satin-bikini-bottoms-light-blue","The satin bikini bottoms - Blue"
"the-satin-bikini-bottoms-powder-pink","The satin bikini bottoms - Pink"
"the-satin-bikini-bottoms-taupe","The satin bikini bottoms - Taupe"
"the-satin-cowl-top-black","The satin cowl top - Black"
"the-satin-cowl-top-cream","The satin cowl top - Cream"
"the-satin-mini-skirt-blush","The satin mini skirt - Blush"
"the-satin-underwire-bikini-top-light-blue","The satin underwire bikini top - Blue"
"the-satin-underwire-bikini-top-powder-pink","The satin underwire bikini top - Pink"
"the-satin-underwire-bikini-top-taupe","The satin underwire bikini top - Taupe"
"the-scallop-lace-sarong-wine","The scallop lace sarong - Wine"
"the-scallop-lace-sarong-navy","The scallop lace sarong - Navy"
"the-sequin-cowl-top-powder-blue","The sequin cowl top - Blue"
"the-sequin-cowl-top-cream","The sequin cowl top - Cream"
"the-sequin-cowl-top-black","The sequin cowl top - Black"
"the-sequin-cowl-top-wine","The sequin cowl top - Wine"
"the-sequin-cowl-top-pink","The sequin cowl top - Pink"
"the-sequin-cowl-top-chocolate","The sequin cowl top - Chocolate"
"the-sequin-cowl-top-pearl","The sequin cowl top - Pearl"
"the-sequin-maxi-skirt-black","The sequin maxi skirt - Black"
"the-sequin-maxi-skirt-wine","The sequin maxi skirt - Wine"
"the-sequin-maxi-skirt-pink","The sequin maxi skirt - Pink"
"the-sequin-maxi-skirt-chocolate","The sequin maxi skirt - Chocolate"
"the-sequin-maxi-skirt-pearl","The sequin maxi skirt - Pearl"
"the-sequin-maxi-skirt-white","The sequin maxi skirt - White"
"the-sequin-mini-skirt-powder-blue","The sequin mini skirt - Blue"
"the-sequin-mini-skirt-cream","The sequin mini skirt - Cream"
"the-sequin-mini-skirt-black","The sequin mini skirt - Black"
"the-sequin-mini-skirt-wine","The sequin mini skirt - Wine"
"the-sequin-mini-skirt-pink","The sequin mini skirt - Pink"
"the-sequin-mini-skirt-chocolate","The sequin mini skirt - Chocolate"
"the-sequin-mini-skirt-rio","The sequin mini skirt - Rio"
"the-sequin-mini-skirt-black-1","The sequin mini skirt - Black"
"the-sequin-mini-skirt-taupe","The sequin mini skirt - Taupe"
"the-serene-knit-maxi-skirt-cream","The serene knit maxi skirt - Cream"
"the-serene-knit-top-cream","The serene knit top - Cream"
"the-shirred-linen-maxi-skirt-white","The shirred linen maxi skirt - White"
"the-shirred-linen-maxi-skirt-stone","The shirred linen maxi skirt - Stone"
"the-side-cutout-swimsuit-white","The side cutout ring swimsuit - White"
"the-split-maxi-skirt-white","The split maxi skirt - White"
"the-split-maxi-skirt-black","The split maxi skirt - Black"
"the-split-maxi-skirt-chocolate","The split maxi skirt - Chocolate"
"the-split-tassel-maxi-skirt-black","The split tassel maxi skirt - Black"
"the-split-tassel-maxi-skirt-white","The split tassel maxi skirt - White"
"the-split-tassel-maxi-skirt-chocolate","The split tassel maxi skirt - Chocolate"
"the-starfish-bikini-top-sage","The starfish bikini top - Sage"
"the-starfish-bikini-top-cream","The starfish bikini top - Cream"
"the-starfish-bikini-top-mauve","The starfish bikini top - Mauve"
"the-strapy-mesh-maxi-pink-floral","The strappy mesh maxi - Floral"
"the-strappy-mesh-maxi-blue-floral","The strappy mesh maxi - Floral"
"the-stripy-mesh-maxi-skirt-khaki","The stripy mesh maxi skirt - Khaki"
"the-stripy-mesh-tie-top-khaki","The stripy mesh tie top - Khaki"
"the-tan-bikini-bottoms-black-white","The tan bikini bottoms - White"
"the-tan-bikini-bottoms-leopard","The tan bikini bottoms - Leopard"
"the-tan-bikini-bottoms-white","The tan bikini bottoms - White"
"the-tan-bikini-bottoms-black","The tan bikini bottoms - Black"
"the-tan-bikini-bottoms-mocha","The tan bikini bottoms - Mocha"
"the-tan-bikini-bottoms-wine","The tan bikini bottoms - Wine"
"the-tan-bikini-bottoms-black-white-1","The tan bikini top - Black"
"the-tan-bikini-top-leopard","The tan bikini top - Leopard"
"the-tan-bikini-top-white","The tan bikini top - White"
"the-tan-bikini-top-black","The tan bikini top - Black"
"the-tan-bikini-top-wine","The tan bikini top - Wine"
"the-tassel-mini-skirt-black-1","The tassel mini skirt - Black"
"the-tassel-mini-skirt-white-1","The tassel mini skirt - White"
"the-tassel-mini-skirt-red-1","The tassel mini skirt - Red"
"the-tassel-mini-skirt-mocha","The tassel mini skirt - Mocha"
"the-tawny-knit-mini-dark-taupe","The tawny knit mini - Taupe"
"the-tie-side-mini-white","The tie side mini - White"
"the-tie-side-mini-black","The tie side mini - Black"
"the-tie-side-mini-khaki","The tie side mini - Khaki"
"the-tie-up-sarong-paisley","The tie up sarong - Paisley"
"the-tie-up-sarong-pink-floral","The tie up sarong - Floral"
"the-tie-up-sarong-blue-floral","The tie up sarong - Floral"
"the-tie-up-sarong-lemon-floral","The tie up sarong - Floral"
"the-tie-up-sarong-black-white-floral","The tie up sarong - Floral"
"the-twist-bandeau-top-white","The twist bandeau top - White"
"the-twist-bandeau-top-black","The twist bandeau top - Black"
"the-twist-bandeau-top-chocolate","The twist bandeau top - Chocolate"
"the-underwire-lace-trim-bikini-top-lemon-floral","The underwire lace trim bikini top - Floral"
"the-underwire-lace-trim-bikini-top-pink-floral","The underwire lace trim bikini top - Floral"
"the-underwire-lace-trim-bikini-top-blue-floral","The underwire lace trim bikini top - Floral"
"the-v-bikini-top-black","The V bikini top - Black"
"the-v-bikini-top-white","The V bikini top - White"
"the-v-bikini-top-mocha","The V bikini top - Mocha"
"wide-band-bikini-bottoms-black-white","The wide band bikini bottoms - White"
"wide-band-bikini-bottoms-lemon","The wide band bikini bottoms - Lemon"
"wide-band-bikini-bottoms-white","The wide band bikini bottoms - White"
"the-wide-band-bikini-bottoms-wine","The wide band bikini bottoms - Wine"
"the-wide-band-bikini-bottoms-mocha","The wide band bikini bottoms - Mocha"
"the-wide-band-bikini-bottoms-black","The wide band bikini bottoms - Black"
"the-wide-band-bikini-top-black","The wide band bikini top - Black"
"the-wide-band-bikini-top-blue-paisley","The wide band bikini top - Paisley"
"the-wide-band-bikini-bottoms-blue-paisley","The wide band bikini bottoms - Paisley"
"the-wide-band-bikini-top-floral","The wide band bikini top - Floral"
"the-wide-band-bikini-bottoms-floral","The wide band bikini bottoms - Floral"
"the-wide-band-bikini-bottoms-powder-blue","The wide band bikini bottoms - Blue"
"the-wide-band-bikini-top-powder-blue","The wide band bikini top - Blue"
"the-wide-band-bikini-bottoms-sage","The wide band bikini bottoms - Sage"
"the-wide-band-bikini-bottoms-cream","The wide band bikini bottoms - Cream"
"the-wide-band-bikini-top-pink","The wide band bikini top - Pink"
"the-wide-band-bikini-bottoms-pink","The wide band bikini bottoms - Pink"
"the-wide-band-bikini-bottoms-mauve","The wide band bikini bottoms - Mauve"